cell_barcode,gene,umi
AAACGAAGTTGCTAGT-1,5pUTR,24
AAACGAAGTTGCTAGT-1,env,6
AAACGAAGTTGCTAGT-1,gag,11
AAACGAAGTTGCTAGT-1,nef,9
AAACGAAGTTGCTAGT-1,pol,11
AAACGAAGTTGCTAGT-1,vpx,1
AAAGGGCAGCCAGACA-1,5pUTR,165
AAAGGGCAGCCAGACA-1,env,21
AAAGGGCAGCCAGACA-1,gag,52
AAAGGGCAGCCAGACA-1,nef,16
AAAGGGCAGCCAGACA-1,pol,94
AAAGGGCAGCCAGACA-1,tat,10
AAAGGGCAGCCAGACA-1,vif,1
AAAGGGCAGCCAGACA-1,vpr,7
AAAGGGCAGCCAGACA-1,vpx,5
AAAGTCCTCTTTGCGC-1,5pUTR,29
AAAGTCCTCTTTGCGC-1,env,17
AAAGTCCTCTTTGCGC-1,gag,20
AAAGTCCTCTTTGCGC-1,nef,14
AAAGTCCTCTTTGCGC-1,pol,17
AAAGTCCTCTTTGCGC-1,tat,7
AAAGTCCTCTTTGCGC-1,vif,1
AAAGTCCTCTTTGCGC-1,vpr,5
AAAGTCCTCTTTGCGC-1,vpx,1
AAGACTCGTTTGGAAA-1,5pUTR,89
AAGACTCGTTTGGAAA-1,env,10
AAGACTCGTTTGGAAA-1,gag,57
AAGACTCGTTTGGAAA-1,nef,13
AAGACTCGTTTGGAAA-1,pol,92
AAGACTCGTTTGGAAA-1,tat,4
AAGACTCGTTTGGAAA-1,vif,1
AAGACTCGTTTGGAAA-1,vpr,4
AAGACTCGTTTGGAAA-1,vpx,1
AAGTGAACAGGTTTAC-1,5pUTR,69
AAGTGAACAGGTTTAC-1,env,13
AAGTGAACAGGTTTAC-1,gag,24
AAGTGAACAGGTTTAC-1,nef,6
AAGTGAACAGGTTTAC-1,pol,38
AAGTGAACAGGTTTAC-1,tat,3
AAGTGAACAGGTTTAC-1,vpr,2
AAGTGAACAGGTTTAC-1,vpx,1
AATCGTGAGCATCCCG-1,5pUTR,93
AATCGTGAGCATCCCG-1,env,13
AATCGTGAGCATCCCG-1,gag,40
AATCGTGAGCATCCCG-1,nef,3
AATCGTGAGCATCCCG-1,pol,46
AATCGTGAGCATCCCG-1,tat,4
AATCGTGAGCATCCCG-1,vif,2
AATCGTGAGCATCCCG-1,vpr,3
AATCGTGAGCATCCCG-1,vpx,1
AATGACCGTAAGGTCG-1,5pUTR,39
AATGACCGTAAGGTCG-1,env,4
AATGACCGTAAGGTCG-1,gag,20
AATGACCGTAAGGTCG-1,nef,2
AATGACCGTAAGGTCG-1,pol,27
AATGACCGTAAGGTCG-1,tat,2
ACATCGAAGTCCCAAT-1,5pUTR,62
ACATCGAAGTCCCAAT-1,env,42
ACATCGAAGTCCCAAT-1,gag,26
ACATCGAAGTCCCAAT-1,nef,27
ACATCGAAGTCCCAAT-1,pol,26
ACATCGAAGTCCCAAT-1,tat,7
ACATCGAAGTCCCAAT-1,vpr,7
ACATCGAAGTCCCAAT-1,vpx,3
ACATTTCTCTTTCAGT-1,5pUTR,75
ACATTTCTCTTTCAGT-1,env,18
ACATTTCTCTTTCAGT-1,gag,48
ACATTTCTCTTTCAGT-1,nef,7
ACATTTCTCTTTCAGT-1,pol,94
ACATTTCTCTTTCAGT-1,tat,4
ACATTTCTCTTTCAGT-1,vif,4
ACATTTCTCTTTCAGT-1,vpr,1
ACATTTCTCTTTCAGT-1,vpx,3
ACCGTTCAGCAGCGAT-1,5pUTR,1
ACCGTTCAGCAGCGAT-1,nef,1
ACCTGAACAAATGATG-1,5pUTR,146
ACCTGAACAAATGATG-1,env,36
ACCTGAACAAATGATG-1,gag,104
ACCTGAACAAATGATG-1,nef,16
ACCTGAACAAATGATG-1,pol,98
ACCTGAACAAATGATG-1,tat,8
ACCTGAACAAATGATG-1,vif,2
ACCTGAACAAATGATG-1,vpr,9
ACCTGAACAAATGATG-1,vpx,6
ACTATCTTCCACCTCA-1,5pUTR,123
ACTATCTTCCACCTCA-1,env,51
ACTATCTTCCACCTCA-1,gag,67
ACTATCTTCCACCTCA-1,nef,30
ACTATCTTCCACCTCA-1,pol,86
ACTATCTTCCACCTCA-1,tat,16
ACTATCTTCCACCTCA-1,vif,5
ACTATCTTCCACCTCA-1,vpr,25
ACTATCTTCCACCTCA-1,vpx,8
AGACCATGTAATCAAG-1,5pUTR,18
AGACCATGTAATCAAG-1,env,8
AGACCATGTAATCAAG-1,gag,6
AGACCATGTAATCAAG-1,nef,12
AGACCATGTAATCAAG-1,pol,10
AGACCATGTAATCAAG-1,vpx,2
AGACCCGTCTGAGGCC-1,5pUTR,137
AGACCCGTCTGAGGCC-1,env,46
AGACCCGTCTGAGGCC-1,gag,86
AGACCCGTCTGAGGCC-1,nef,17
AGACCCGTCTGAGGCC-1,pol,137
AGACCCGTCTGAGGCC-1,tat,8
AGACCCGTCTGAGGCC-1,vif,5
AGACCCGTCTGAGGCC-1,vpr,12
AGACCCGTCTGAGGCC-1,vpx,4
AGAGCCCAGACTTCAC-1,5pUTR,9
AGAGCCCAGACTTCAC-1,env,1
AGAGCCCAGACTTCAC-1,gag,8
AGAGCCCAGACTTCAC-1,nef,1
AGAGCCCAGACTTCAC-1,pol,5
AGATGAAGTCTCTCAC-1,5pUTR,62
AGATGAAGTCTCTCAC-1,env,44
AGATGAAGTCTCTCAC-1,gag,47
AGATGAAGTCTCTCAC-1,nef,33
AGATGAAGTCTCTCAC-1,pol,51
AGATGAAGTCTCTCAC-1,tat,3
AGATGAAGTCTCTCAC-1,vif,2
AGATGAAGTCTCTCAC-1,vpr,2
AGCCAATGTTCACGAT-1,pol,1
AGCGATTTCGCGGACT-1,5pUTR,45
AGCGATTTCGCGGACT-1,env,31
AGCGATTTCGCGGACT-1,gag,14
AGCGATTTCGCGGACT-1,nef,26
AGCGATTTCGCGGACT-1,pol,12
AGCGATTTCGCGGACT-1,tat,5
AGCGATTTCGCGGACT-1,vif,3
AGCGATTTCGCGGACT-1,vpr,1
AGCGATTTCGCGGACT-1,vpx,4
AGCGTATTCCGTAATG-1,5pUTR,46
AGCGTATTCCGTAATG-1,env,2
AGCGTATTCCGTAATG-1,gag,19
AGCGTATTCCGTAATG-1,pol,12
AGCGTATTCCGTAATG-1,tat,1
ATACTTCAGAGTTGTA-1,5pUTR,85
ATACTTCAGAGTTGTA-1,env,10
ATACTTCAGAGTTGTA-1,gag,36
ATACTTCAGAGTTGTA-1,nef,6
ATACTTCAGAGTTGTA-1,pol,51
ATACTTCAGAGTTGTA-1,tat,2
ATACTTCAGAGTTGTA-1,vpr,4
ATACTTCAGAGTTGTA-1,vpx,1
ATCGGCGCACATTCTT-1,5pUTR,199
ATCGGCGCACATTCTT-1,env,36
ATCGGCGCACATTCTT-1,gag,108
ATCGGCGCACATTCTT-1,nef,23
ATCGGCGCACATTCTT-1,pol,95
ATCGGCGCACATTCTT-1,tat,3
ATCGGCGCACATTCTT-1,vif,3
ATCGGCGCACATTCTT-1,vpr,8
ATCGGCGCACATTCTT-1,vpx,1
ATCTTCATCCGAGTGC-1,5pUTR,1
ATCTTCATCCGAGTGC-1,env,1
ATCTTCATCCGAGTGC-1,gag,1
ATCTTCATCCGAGTGC-1,pol,1
ATTTCTGCACGACCTG-1,pol,1
CAAAGAAAGTCGAATA-1,5pUTR,4
CAAAGAAAGTCGAATA-1,env,3
CAAAGAAAGTCGAATA-1,nef,2
CAAAGAAAGTCGAATA-1,pol,1
CAGTTCCTCTCATAGG-1,5pUTR,58
CAGTTCCTCTCATAGG-1,env,7
CAGTTCCTCTCATAGG-1,gag,28
CAGTTCCTCTCATAGG-1,nef,3
CAGTTCCTCTCATAGG-1,pol,21
CAGTTCCTCTCATAGG-1,vif,3
CAGTTCCTCTCATAGG-1,vpr,3
CAGTTCCTCTCATAGG-1,vpx,3
CATACAGCAAGTCCAT-1,5pUTR,1
CATACCCTCCTATTTG-1,5pUTR,142
CATACCCTCCTATTTG-1,env,17
CATACCCTCCTATTTG-1,gag,83
CATACCCTCCTATTTG-1,nef,5
CATACCCTCCTATTTG-1,pol,74
CATACCCTCCTATTTG-1,tat,3
CATACCCTCCTATTTG-1,vif,1
CATACCCTCCTATTTG-1,vpr,3
CATACCCTCCTATTTG-1,vpx,4
CATTCCGAGAACCGCA-1,5pUTR,67
CATTCCGAGAACCGCA-1,env,18
CATTCCGAGAACCGCA-1,gag,30
CATTCCGAGAACCGCA-1,nef,7
CATTCCGAGAACCGCA-1,pol,78
CATTCCGAGAACCGCA-1,tat,1
CATTCCGAGAACCGCA-1,vif,2
CATTCCGAGAACCGCA-1,vpr,4
CATTCCGAGAACCGCA-1,vpx,5
CATTGTTAGGCTAGCA-1,5pUTR,3
CATTGTTAGGCTAGCA-1,env,3
CATTGTTAGGCTAGCA-1,nef,2
CATTGTTAGGCTAGCA-1,pol,1
CATTTCATCCTCTAGC-1,5pUTR,68
CATTTCATCCTCTAGC-1,env,19
CATTTCATCCTCTAGC-1,gag,38
CATTTCATCCTCTAGC-1,nef,6
CATTTCATCCTCTAGC-1,pol,99
CATTTCATCCTCTAGC-1,tat,1
CATTTCATCCTCTAGC-1,vif,6
CATTTCATCCTCTAGC-1,vpr,3
CATTTCATCCTCTAGC-1,vpx,4
CCACACTTCTACGCGG-1,env,1
CCACACTTCTACGCGG-1,nef,1
CCGTTCAAGCGCCCAT-1,5pUTR,1
CCGTTCAAGCGCCCAT-1,pol,1
CCTCACATCACTGGTA-1,5pUTR,3
CCTCACATCACTGGTA-1,gag,1
CCTCACATCACTGGTA-1,nef,1
CCTCACATCACTGGTA-1,pol,1
CGAAGTTCAAATAAGC-1,5pUTR,65
CGAAGTTCAAATAAGC-1,env,21
CGAAGTTCAAATAAGC-1,gag,36
CGAAGTTCAAATAAGC-1,nef,6
CGAAGTTCAAATAAGC-1,pol,40
CGAAGTTCAAATAAGC-1,tat,1
CGAAGTTCAAATAAGC-1,vif,1
CGAAGTTCAAATAAGC-1,vpr,2
CGAAGTTCAAATAAGC-1,vpx,2
CGTGAATCACCAGGTC-1,5pUTR,26
CGTGAATCACCAGGTC-1,env,1
CGTGAATCACCAGGTC-1,gag,15
CGTGAATCACCAGGTC-1,nef,1
CGTGAATCACCAGGTC-1,pol,21
CTACTATCATAGGTAA-1,env,1
CTACTATCATAGGTAA-1,gag,2
CTACTATCATAGGTAA-1,nef,1
CTATCTACAGCTGTAT-1,5pUTR,22
CTATCTACAGCTGTAT-1,env,10
CTATCTACAGCTGTAT-1,gag,9
CTATCTACAGCTGTAT-1,nef,2
CTATCTACAGCTGTAT-1,pol,4
CTCAGTCTCGATACTG-1,nef,1
CTCATTACATGCGTGC-1,5pUTR,55
CTCATTACATGCGTGC-1,env,21
CTCATTACATGCGTGC-1,gag,21
CTCATTACATGCGTGC-1,nef,13
CTCATTACATGCGTGC-1,pol,48
CTCATTACATGCGTGC-1,tat,2
CTCATTACATGCGTGC-1,vif,1
CTCATTACATGCGTGC-1,vpr,5
CTCATTACATGCGTGC-1,vpx,2
CTGAGGCCACTGCACG-1,5pUTR,54
CTGAGGCCACTGCACG-1,env,9
CTGAGGCCACTGCACG-1,gag,26
CTGAGGCCACTGCACG-1,nef,3
CTGAGGCCACTGCACG-1,pol,46
CTGAGGCCACTGCACG-1,vpr,1
CTTCTAATCAATCAGC-1,5pUTR,389
CTTCTAATCAATCAGC-1,env,152
CTTCTAATCAATCAGC-1,gag,204
CTTCTAATCAATCAGC-1,nef,51
CTTCTAATCAATCAGC-1,pol,285
CTTCTAATCAATCAGC-1,tat,19
CTTCTAATCAATCAGC-1,vif,8
CTTCTAATCAATCAGC-1,vpr,28
CTTCTAATCAATCAGC-1,vpx,22
CTTTCAATCGTCAACA-1,5pUTR,2
CTTTCAATCGTCAACA-1,env,2
CTTTCAATCGTCAACA-1,gag,2
CTTTCAATCGTCAACA-1,vpx,1
CTTTCAATCTCCATAT-1,5pUTR,597
CTTTCAATCTCCATAT-1,env,242
CTTTCAATCTCCATAT-1,gag,310
CTTTCAATCTCCATAT-1,nef,90
CTTTCAATCTCCATAT-1,pol,414
CTTTCAATCTCCATAT-1,tat,56
CTTTCAATCTCCATAT-1,vif,22
CTTTCAATCTCCATAT-1,vpr,53
CTTTCAATCTCCATAT-1,vpx,27
GAACTGTCAGTTTCAG-1,5pUTR,33
GAACTGTCAGTTTCAG-1,env,52
GAACTGTCAGTTTCAG-1,gag,15
GAACTGTCAGTTTCAG-1,nef,25
GAACTGTCAGTTTCAG-1,pol,18
GAACTGTCAGTTTCAG-1,tat,11
GAACTGTCAGTTTCAG-1,vif,1
GAACTGTCAGTTTCAG-1,vpr,12
GAACTGTCAGTTTCAG-1,vpx,2
GAAGGGTTCGCAGTTA-1,5pUTR,25
GAAGGGTTCGCAGTTA-1,env,13
GAAGGGTTCGCAGTTA-1,gag,25
GAAGGGTTCGCAGTTA-1,nef,4
GAAGGGTTCGCAGTTA-1,pol,70
GAAGGGTTCGCAGTTA-1,tat,5
GAAGGGTTCGCAGTTA-1,vpx,5
GAAGTAATCCGTGGGT-1,5pUTR,87
GAAGTAATCCGTGGGT-1,env,8
GAAGTAATCCGTGGGT-1,gag,36
GAAGTAATCCGTGGGT-1,nef,10
GAAGTAATCCGTGGGT-1,pol,37
GAAGTAATCCGTGGGT-1,tat,5
GAAGTAATCCGTGGGT-1,vif,1
GAGCCTGAGATCACCT-1,5pUTR,106
GAGCCTGAGATCACCT-1,env,34
GAGCCTGAGATCACCT-1,gag,77
GAGCCTGAGATCACCT-1,nef,30
GAGCCTGAGATCACCT-1,pol,102
GAGCCTGAGATCACCT-1,tat,6
GAGCCTGAGATCACCT-1,vif,1
GAGCCTGAGATCACCT-1,vpr,8
GAGCCTGAGATCACCT-1,vpx,4
GAGCTGCCAATGGCAG-1,env,1
GAGCTGCCAATGGCAG-1,nef,1
GAGTGAGGTTCTAAGC-1,5pUTR,66
GAGTGAGGTTCTAAGC-1,env,5
GAGTGAGGTTCTAAGC-1,gag,37
GAGTGAGGTTCTAAGC-1,nef,3
GAGTGAGGTTCTAAGC-1,pol,34
GAGTGAGGTTCTAAGC-1,vpr,2
GAGTGAGGTTCTAAGC-1,vpx,2
GAGTTTGAGCAGAAAG-1,5pUTR,143
GAGTTTGAGCAGAAAG-1,env,30
GAGTTTGAGCAGAAAG-1,gag,54
GAGTTTGAGCAGAAAG-1,nef,11
GAGTTTGAGCAGAAAG-1,pol,65
GAGTTTGAGCAGAAAG-1,tat,11
GAGTTTGAGCAGAAAG-1,vif,1
GAGTTTGAGCAGAAAG-1,vpr,3
GAGTTTGAGCAGAAAG-1,vpx,1
GATGACTGTCGCGTTG-1,5pUTR,42
GATGACTGTCGCGTTG-1,env,36
GATGACTGTCGCGTTG-1,gag,16
GATGACTGTCGCGTTG-1,nef,26
GATGACTGTCGCGTTG-1,pol,16
GATGACTGTCGCGTTG-1,tat,8
GATGACTGTCGCGTTG-1,vpr,4
GATGACTGTCGCGTTG-1,vpx,1
GCACGGTTCCAATCTT-1,5pUTR,50
GCACGGTTCCAATCTT-1,env,8
GCACGGTTCCAATCTT-1,gag,37
GCACGGTTCCAATCTT-1,nef,4
GCACGGTTCCAATCTT-1,pol,29
GCACGGTTCCAATCTT-1,tat,1
GCACGGTTCCAATCTT-1,vif,1
GCACGGTTCCAATCTT-1,vpx,3
GCCATGGGTACGCTTA-1,env,1
GCCGATGTCTATTCGT-1,5pUTR,46
GCCGATGTCTATTCGT-1,env,18
GCCGATGTCTATTCGT-1,gag,36
GCCGATGTCTATTCGT-1,nef,12
GCCGATGTCTATTCGT-1,pol,112
GCCGATGTCTATTCGT-1,tat,3
GCCGATGTCTATTCGT-1,vif,4
GCCGATGTCTATTCGT-1,vpr,5
GCCGATGTCTATTCGT-1,vpx,5
GCCGTGATCGGCCCAA-1,5pUTR,42
GCCGTGATCGGCCCAA-1,env,23
GCCGTGATCGGCCCAA-1,gag,31
GCCGTGATCGGCCCAA-1,nef,14
GCCGTGATCGGCCCAA-1,pol,131
GCCGTGATCGGCCCAA-1,vif,1
GCCGTGATCGGCCCAA-1,vpr,1
GCCGTGATCGGCCCAA-1,vpx,2
GCTTCACAGTGAATAC-1,5pUTR,173
GCTTCACAGTGAATAC-1,env,35
GCTTCACAGTGAATAC-1,gag,90
GCTTCACAGTGAATAC-1,nef,27
GCTTCACAGTGAATAC-1,pol,103
GCTTCACAGTGAATAC-1,tat,10
GCTTCACAGTGAATAC-1,vif,3
GCTTCACAGTGAATAC-1,vpr,12
GCTTCACAGTGAATAC-1,vpx,6
GGGATGAGTCGCTCGA-1,5pUTR,45
GGGATGAGTCGCTCGA-1,env,11
GGGATGAGTCGCTCGA-1,gag,12
GGGATGAGTCGCTCGA-1,pol,42
GGGATGAGTCGCTCGA-1,tat,2
GGGATGAGTCGCTCGA-1,vpr,1
GGGTCTGGTTACCTTT-1,env,1
GGTAGAGGTGTTCAGT-1,5pUTR,31
GGTAGAGGTGTTCAGT-1,env,35
GGTAGAGGTGTTCAGT-1,gag,15
GGTAGAGGTGTTCAGT-1,nef,8
GGTAGAGGTGTTCAGT-1,pol,16
GGTAGAGGTGTTCAGT-1,tat,5
GGTAGAGGTGTTCAGT-1,vif,1
GGTAGAGGTGTTCAGT-1,vpr,1
GGTAGAGGTGTTCAGT-1,vpx,1
GTCATGAGTCCATACA-1,5pUTR,6
GTCATGAGTCCATACA-1,env,1
GTCATGAGTCCATACA-1,gag,6
GTCATGAGTCCATACA-1,pol,7
GTCATGAGTCCATACA-1,tat,1
GTCATGAGTCCATACA-1,vpr,1
GTCCACTTCATCCTGC-1,5pUTR,124
GTCCACTTCATCCTGC-1,env,43
GTCCACTTCATCCTGC-1,gag,78
GTCCACTTCATCCTGC-1,nef,13
GTCCACTTCATCCTGC-1,pol,118
GTCCACTTCATCCTGC-1,tat,6
GTCCACTTCATCCTGC-1,vif,3
GTCCACTTCATCCTGC-1,vpr,11
GTCCACTTCATCCTGC-1,vpx,9
GTCTAGACAATTCTTC-1,nef,1
GTGCTGGTCGACGAGA-1,5pUTR,133
GTGCTGGTCGACGAGA-1,env,13
GTGCTGGTCGACGAGA-1,gag,84
GTGCTGGTCGACGAGA-1,nef,8
GTGCTGGTCGACGAGA-1,pol,117
GTGCTGGTCGACGAGA-1,tat,2
GTGCTGGTCGACGAGA-1,vif,2
GTGCTGGTCGACGAGA-1,vpr,2
GTGCTGGTCGACGAGA-1,vpx,3
GTGTTCCAGTAGACCG-1,5pUTR,68
GTGTTCCAGTAGACCG-1,env,24
GTGTTCCAGTAGACCG-1,gag,46
GTGTTCCAGTAGACCG-1,nef,14
GTGTTCCAGTAGACCG-1,pol,61
GTGTTCCAGTAGACCG-1,tat,3
GTGTTCCAGTAGACCG-1,vpr,5
GTGTTCCAGTAGACCG-1,vpx,3
GTTAGACAGCTAGATA-1,5pUTR,224
GTTAGACAGCTAGATA-1,env,33
GTTAGACAGCTAGATA-1,gag,149
GTTAGACAGCTAGATA-1,nef,19
GTTAGACAGCTAGATA-1,pol,104
GTTAGACAGCTAGATA-1,tat,13
GTTAGACAGCTAGATA-1,vpr,15
GTTAGACAGCTAGATA-1,vpx,2
GTTCCGTCATTAGGAA-1,env,1
GTTCCGTCATTAGGAA-1,gag,1
GTTCCGTCATTAGGAA-1,nef,1
GTTCCGTCATTAGGAA-1,pol,1
GTTCCGTCATTAGGAA-1,tat,1
GTTCCGTCATTAGGAA-1,vpx,1
TAAGTCGCACCCAATA-1,5pUTR,31
TAAGTCGCACCCAATA-1,env,3
TAAGTCGCACCCAATA-1,gag,28
TAAGTCGCACCCAATA-1,nef,2
TAAGTCGCACCCAATA-1,pol,22
TAAGTCGCACCCAATA-1,vif,1
TACTTCAAGCCTCACG-1,5pUTR,286
TACTTCAAGCCTCACG-1,env,65
TACTTCAAGCCTCACG-1,gag,153
TACTTCAAGCCTCACG-1,nef,54
TACTTCAAGCCTCACG-1,pol,119
TACTTCAAGCCTCACG-1,tat,12
TACTTCAAGCCTCACG-1,vif,5
TACTTCAAGCCTCACG-1,vpr,18
TACTTCAAGCCTCACG-1,vpx,5
TAGGTTGCACGGCACT-1,nef,1
TCACTATGTCTCACGG-1,vpx,1
TCAGCAATCAGAACCT-1,5pUTR,323
TCAGCAATCAGAACCT-1,env,99
TCAGCAATCAGAACCT-1,gag,199
TCAGCAATCAGAACCT-1,nef,39
TCAGCAATCAGAACCT-1,pol,261
TCAGCAATCAGAACCT-1,tat,16
TCAGCAATCAGAACCT-1,vif,8
TCAGCAATCAGAACCT-1,vpr,22
TCAGCAATCAGAACCT-1,vpx,20
TCATTCATCCAAACCA-1,5pUTR,38
TCATTCATCCAAACCA-1,env,5
TCATTCATCCAAACCA-1,gag,15
TCATTCATCCAAACCA-1,nef,1
TCATTCATCCAAACCA-1,pol,19
TCATTCATCCAAACCA-1,tat,1
TCATTCATCCAAACCA-1,vpr,1
TCATTCATCCAAACCA-1,vpx,1
TCCAGAAAGTAACGAT-1,5pUTR,312
TCCAGAAAGTAACGAT-1,env,94
TCCAGAAAGTAACGAT-1,gag,156
TCCAGAAAGTAACGAT-1,nef,58
TCCAGAAAGTAACGAT-1,pol,112
TCCAGAAAGTAACGAT-1,tat,27
TCCAGAAAGTAACGAT-1,vif,5
TCCAGAAAGTAACGAT-1,vpr,24
TCCAGAAAGTAACGAT-1,vpx,11
TCCCACACAAATGAAC-1,5pUTR,55
TCCCACACAAATGAAC-1,env,7
TCCCACACAAATGAAC-1,gag,25
TCCCACACAAATGAAC-1,nef,5
TCCCACACAAATGAAC-1,pol,8
TCCCACACAAATGAAC-1,tat,2
TCCCACACAAATGAAC-1,vpr,1
TCCCACACAAATGAAC-1,vpx,3
TCCCAGTAGCTGACAG-1,vpx,1
TCCTCTTAGCTCTTCC-1,5pUTR,1
TCCTCTTAGCTCTTCC-1,env,2
TCCTCTTAGCTCTTCC-1,gag,1
TCCTCTTAGCTCTTCC-1,pol,1
TCCTTCTTCATGCAGT-1,env,1
TCCTTCTTCATGCAGT-1,nef,1
TCCTTCTTCATGCAGT-1,pol,1
TCGCACTTCAACCCGG-1,5pUTR,126
TCGCACTTCAACCCGG-1,env,51
TCGCACTTCAACCCGG-1,gag,72
TCGCACTTCAACCCGG-1,nef,23
TCGCACTTCAACCCGG-1,pol,237
TCGCACTTCAACCCGG-1,tat,7
TCGCACTTCAACCCGG-1,vif,6
TCGCACTTCAACCCGG-1,vpr,12
TCGCACTTCAACCCGG-1,vpx,19
TCTGGCTTCTACCAGA-1,nef,1
TGATTTCTCCTTCTAA-1,5pUTR,229
TGATTTCTCCTTCTAA-1,env,68
TGATTTCTCCTTCTAA-1,gag,129
TGATTTCTCCTTCTAA-1,nef,24
TGATTTCTCCTTCTAA-1,pol,130
TGATTTCTCCTTCTAA-1,tat,6
TGATTTCTCCTTCTAA-1,vif,6
TGATTTCTCCTTCTAA-1,vpr,11
TGATTTCTCCTTCTAA-1,vpx,12
TGGAACTGTTCTAAGC-1,5pUTR,34
TGGAACTGTTCTAAGC-1,env,40
TGGAACTGTTCTAAGC-1,gag,9
TGGAACTGTTCTAAGC-1,nef,15
TGGAACTGTTCTAAGC-1,pol,13
TGGAACTGTTCTAAGC-1,tat,11
TGGAACTGTTCTAAGC-1,vif,6
TGGAACTGTTCTAAGC-1,vpr,11
TGGAACTGTTCTAAGC-1,vpx,1
TGGAGGACACGACGCT-1,5pUTR,191
TGGAGGACACGACGCT-1,env,20
TGGAGGACACGACGCT-1,gag,79
TGGAGGACACGACGCT-1,nef,16
TGGAGGACACGACGCT-1,pol,88
TGGAGGACACGACGCT-1,tat,6
TGGAGGACACGACGCT-1,vif,1
TGGAGGACACGACGCT-1,vpr,7
TGGAGGACACGACGCT-1,vpx,1
TGTAGACTCGTTAGAC-1,5pUTR,51
TGTAGACTCGTTAGAC-1,env,28
TGTAGACTCGTTAGAC-1,gag,33
TGTAGACTCGTTAGAC-1,nef,17
TGTAGACTCGTTAGAC-1,pol,42
TGTAGACTCGTTAGAC-1,tat,3
TGTAGACTCGTTAGAC-1,vpr,3
TTAGTCTAGTTGGCTT-1,5pUTR,25
TTAGTCTAGTTGGCTT-1,gag,16
TTAGTCTAGTTGGCTT-1,pol,12
TTCACGCGTATGACAA-1,5pUTR,163
TTCACGCGTATGACAA-1,env,24
TTCACGCGTATGACAA-1,gag,83
TTCACGCGTATGACAA-1,nef,9
TTCACGCGTATGACAA-1,pol,117
TTCACGCGTATGACAA-1,tat,3
TTCACGCGTATGACAA-1,vif,6
TTCACGCGTATGACAA-1,vpr,5
TTCACGCGTATGACAA-1,vpx,6
TTCATTGCAAGATGTA-1,5pUTR,292
TTCATTGCAAGATGTA-1,env,99
TTCATTGCAAGATGTA-1,gag,171
TTCATTGCAAGATGTA-1,nef,29
TTCATTGCAAGATGTA-1,pol,228
TTCATTGCAAGATGTA-1,tat,13
TTCATTGCAAGATGTA-1,vif,5
TTCATTGCAAGATGTA-1,vpr,17
TTCATTGCAAGATGTA-1,vpx,22
TTCCGTGCACAGAGAC-1,5pUTR,333
TTCCGTGCACAGAGAC-1,env,48
TTCCGTGCACAGAGAC-1,gag,168
TTCCGTGCACAGAGAC-1,nef,32
TTCCGTGCACAGAGAC-1,pol,137
TTCCGTGCACAGAGAC-1,tat,12
TTCCGTGCACAGAGAC-1,vif,2
TTCCGTGCACAGAGAC-1,vpr,8
TTCCGTGCACAGAGAC-1,vpx,5
TTCCTAATCTCACTCG-1,5pUTR,90
TTCCTAATCTCACTCG-1,env,20
TTCCTAATCTCACTCG-1,gag,29
TTCCTAATCTCACTCG-1,nef,12
TTCCTAATCTCACTCG-1,pol,46
TTCCTAATCTCACTCG-1,tat,2
TTCCTAATCTCACTCG-1,vif,2
TTCCTAATCTCACTCG-1,vpr,2
TTCCTAATCTCACTCG-1,vpx,2
TTCCTCTCAATACAGA-1,5pUTR,32
TTCCTCTCAATACAGA-1,env,4
TTCCTCTCAATACAGA-1,gag,3
TTCCTCTCAATACAGA-1,nef,2
TTCCTCTCAATACAGA-1,pol,14
TTCTAACCATCCAACA-1,5pUTR,2
TTCTAACCATCCAACA-1,pol,1
TTGCTGCAGGAACTCG-1,5pUTR,219
TTGCTGCAGGAACTCG-1,env,75
TTGCTGCAGGAACTCG-1,gag,151
TTGCTGCAGGAACTCG-1,nef,36
TTGCTGCAGGAACTCG-1,pol,243
TTGCTGCAGGAACTCG-1,tat,6
TTGCTGCAGGAACTCG-1,vif,4
TTGCTGCAGGAACTCG-1,vpr,9
TTGCTGCAGGAACTCG-1,vpx,11
TTTACTGTCTCGCGTT-1,5pUTR,28
TTTACTGTCTCGCGTT-1,env,6
TTTACTGTCTCGCGTT-1,gag,16
TTTACTGTCTCGCGTT-1,nef,8
TTTACTGTCTCGCGTT-1,pol,8
TTTACTGTCTCGCGTT-1,vpx,1
TTTCAGTAGCATGGGT-1,5pUTR,37
TTTCAGTAGCATGGGT-1,env,26
TTTCAGTAGCATGGGT-1,gag,18
TTTCAGTAGCATGGGT-1,nef,20
TTTCAGTAGCATGGGT-1,pol,19
TTTCAGTAGCATGGGT-1,tat,8
TTTCAGTAGCATGGGT-1,vpr,9
TTTCAGTAGCATGGGT-1,vpx,1
TTTGACTTCTCAGTCC-1,5pUTR,182
TTTGACTTCTCAGTCC-1,env,42
TTTGACTTCTCAGTCC-1,gag,91
TTTGACTTCTCAGTCC-1,nef,22
TTTGACTTCTCAGTCC-1,pol,74
TTTGACTTCTCAGTCC-1,tat,6
TTTGACTTCTCAGTCC-1,vif,1
TTTGACTTCTCAGTCC-1,vpr,3
TTTGACTTCTCAGTCC-1,vpx,2
TTTGATCTCATCCTGC-1,5pUTR,175
TTTGATCTCATCCTGC-1,env,53
TTTGATCTCATCCTGC-1,gag,119
TTTGATCTCATCCTGC-1,nef,35
TTTGATCTCATCCTGC-1,pol,119
TTTGATCTCATCCTGC-1,tat,12
TTTGATCTCATCCTGC-1,vif,7
TTTGATCTCATCCTGC-1,vpr,8
TTTGATCTCATCCTGC-1,vpx,13